scenario,framework,environment,run,result,timeMs,ttiMs,peakHeapKB
single-submission,Vanilla,E1,1,A1,136,36,2029
single-submission,Vanilla,E1,2,A1,188,36,2030
single-submission,Vanilla,E1,3,A1,181,31,2030
single-submission,Vanilla,E1,4,A1,178,35,2029
single-submission,Vanilla,E1,5,A1,197,48,2615
single-submission,Vanilla,E1,6,A1,196,40,2610
single-submission,Vanilla,E1,7,A1,190,41,2029
single-submission,Vanilla,E1,8,A1,178,35,2030
single-submission,Vanilla,E1,9,A1,184,41,2029
single-submission,Vanilla,E1,10,A1,189,33,2617
single-submission,Vanilla,E1,11,A1,197,43,2609
single-submission,Vanilla,E1,12,A1,194,41,2566
single-submission,Vanilla,E1,13,A1,205,58,1948
single-submission,Vanilla,E1,14,A1,193,40,2610
single-submission,Vanilla,E1,15,A1,188,36,2029
single-submission,Vanilla,E1,16,A1,201,41,2095
single-submission,Vanilla,E1,17,A1,180,36,2030
single-submission,Vanilla,E1,18,A1,187,34,2029
single-submission,Vanilla,E1,19,A1,178,32,2029
single-submission,Vanilla,E1,20,A1,195,36,2610
single-submission,Vanilla,E1,21,A1,186,33,2029
single-submission,Vanilla,E1,22,A1,192,33,2607
single-submission,Vanilla,E1,23,A1,192,38,2615
single-submission,Vanilla,E1,24,A1,187,39,2610
single-submission,Vanilla,E1,25,A1,191,45,2620
single-submission,Vanilla,E1,26,A1,200,46,2615
single-submission,Vanilla,E1,27,A1,189,39,2029
single-submission,Vanilla,E1,28,A1,180,32,2014
single-submission,Vanilla,E1,29,A1,202,41,2095
single-submission,Vanilla,E1,30,A1,188,37,2610
single-submission,Vanilla,E2,1,A1,728,353,2105
single-submission,Vanilla,E2,2,A1,711,372,2594
single-submission,Vanilla,E2,3,A1,736,378,2497
single-submission,Vanilla,E2,4,A1,702,356,2594
single-submission,Vanilla,E2,5,A1,723,350,2497
single-submission,Vanilla,E2,6,A1,742,367,2075
single-submission,Vanilla,E2,7,A1,724,366,2497
single-submission,Vanilla,E2,8,A1,688,332,2074
single-submission,Vanilla,E2,9,A1,717,359,2594
single-submission,Vanilla,E2,10,A1,720,347,2075
single-submission,Vanilla,E2,11,A1,700,326,2497
single-submission,Vanilla,E2,12,A1,695,354,2075
single-submission,Vanilla,E2,13,A1,710,335,2599
single-submission,Vanilla,E2,14,A1,693,352,2075
single-submission,Vanilla,E2,15,A1,707,351,2074
single-submission,Vanilla,E2,16,A1,718,345,2497
single-submission,Vanilla,E2,17,A1,700,359,2075
single-submission,Vanilla,E2,18,A1,701,359,2594
single-submission,Vanilla,E2,19,A1,688,347,2075
single-submission,Vanilla,E2,20,A1,699,342,2603
single-submission,Vanilla,E2,21,A1,714,356,2594
single-submission,Vanilla,E2,22,A1,712,354,2594
single-submission,Vanilla,E2,23,A1,711,353,2570
single-submission,Vanilla,E2,24,A1,738,365,2497
single-submission,Vanilla,E2,25,A1,704,355,2594
single-submission,Vanilla,E2,26,A1,723,354,2088
single-submission,Vanilla,E2,27,A1,728,370,2497
single-submission,Vanilla,E2,28,A1,698,327,2594
single-submission,Vanilla,E2,29,A1,718,345,2594
single-submission,Vanilla,E2,30,A1,747,370,2075
single-submission,Vanilla,E3,1,A1,838,399,2497
single-submission,Vanilla,E3,2,A1,847,405,2075
single-submission,Vanilla,E3,3,A1,828,392,2105
single-submission,Vanilla,E3,4,A1,849,406,2075
single-submission,Vanilla,E3,5,A1,846,406,2075
single-submission,Vanilla,E3,6,A1,763,416,2567
single-submission,Vanilla,E3,7,A1,775,413,2487
single-submission,Vanilla,E3,8,A1,815,387,2582
single-submission,Vanilla,E3,9,A1,850,406,2075
single-submission,Vanilla,E3,10,A1,879,419,2075
single-submission,Vanilla,E3,11,A1,873,419,2594
single-submission,Vanilla,E3,12,A1,879,419,2075
single-submission,Vanilla,E3,13,A1,865,427,2075
single-submission,Vanilla,E3,14,A1,834,396,2497
single-submission,Vanilla,E3,15,A1,866,421,2075
single-submission,Vanilla,E3,16,A1,752,413,2084
single-submission,Vanilla,E3,17,A1,758,409,2050
single-submission,Vanilla,E3,18,A1,852,393,2075
single-submission,Vanilla,E3,19,A1,848,408,2075
single-submission,Vanilla,E3,20,A1,823,410,2497
single-submission,Vanilla,E3,21,A1,872,427,2075
single-submission,Vanilla,E3,22,A1,732,400,2078
single-submission,Vanilla,E3,23,A1,867,423,2075
single-submission,Vanilla,E3,24,A1,855,410,2075
single-submission,Vanilla,E3,25,A1,868,419,2595
single-submission,Vanilla,E3,26,A1,856,414,2075
single-submission,Vanilla,E3,27,A1,837,419,2075
single-submission,Vanilla,E3,28,A1,837,392,2497
single-submission,Vanilla,E3,29,A1,846,407,2075
single-submission,Vanilla,E3,30,A1,773,413,2049
single-submission,React,E1,1,A1,210,48,2852
single-submission,React,E1,2,A1,209,47,3416
single-submission,React,E1,3,A1,230,48,2852
single-submission,React,E1,4,A1,209,47,2897
single-submission,React,E1,5,A1,208,43,2897
single-submission,React,E1,6,A1,203,45,2897
single-submission,React,E1,7,A1,224,51,2852
single-submission,React,E1,8,A1,220,45,2850
single-submission,React,E1,9,A1,224,48,2850
single-submission,React,E1,10,A1,219,48,2851
single-submission,React,E1,11,A1,219,49,2852
single-submission,React,E1,12,A1,221,64,2852
single-submission,React,E1,13,A1,231,49,2850
single-submission,React,E1,14,A1,205,45,2897
single-submission,React,E1,15,A1,220,43,2850
single-submission,React,E1,16,A1,217,47,2881
single-submission,React,E1,17,A1,231,52,2851
single-submission,React,E1,18,A1,224,50,2852
single-submission,React,E1,19,A1,208,44,2897
single-submission,React,E1,20,A1,245,61,2850
single-submission,React,E1,21,A1,209,45,2885
single-submission,React,E1,22,A1,221,40,2850
single-submission,React,E1,23,A1,203,46,2897
single-submission,React,E1,24,A1,215,46,2852
single-submission,React,E1,25,A1,229,47,2852
single-submission,React,E1,26,A1,235,49,2852
single-submission,React,E1,27,A1,206,43,2879
single-submission,React,E1,28,A1,203,46,3410
single-submission,React,E1,29,A1,218,49,2852
single-submission,React,E1,30,A1,224,48,2850
single-submission,React,E2,1,A1,893,427,2875
single-submission,React,E2,2,A1,910,450,2874
single-submission,React,E2,3,A1,883,435,2874
single-submission,React,E2,4,A1,892,444,2876
single-submission,React,E2,5,A1,915,446,3349
single-submission,React,E2,6,A1,924,448,3297
single-submission,React,E2,7,A1,897,442,2874
single-submission,React,E2,8,A1,878,433,2876
single-submission,React,E2,9,A1,924,444,3298
single-submission,React,E2,10,A1,920,458,3394
single-submission,React,E2,11,A1,898,449,2876
single-submission,React,E2,12,A1,931,432,2876
single-submission,React,E2,13,A1,951,471,2876
single-submission,React,E2,14,A1,894,443,2876
single-submission,React,E2,15,A1,905,441,2876
single-submission,React,E2,16,A1,911,431,2876
single-submission,React,E2,17,A1,911,446,2876
single-submission,React,E2,18,A1,917,446,2874
single-submission,React,E2,19,A1,897,431,2874
single-submission,React,E2,20,A1,926,457,3395
single-submission,React,E2,21,A1,905,433,2876
single-submission,React,E2,22,A1,935,455,3395
single-submission,React,E2,23,A1,929,462,3395
single-submission,React,E2,24,A1,932,448,3298
single-submission,React,E2,25,A1,916,453,3298
single-submission,React,E2,26,A1,923,441,3393
single-submission,React,E2,27,A1,882,421,2874
single-submission,React,E2,28,A1,917,450,2876
single-submission,React,E2,29,A1,912,436,2876
single-submission,React,E2,30,A1,923,455,2876
single-submission,React,E3,1,A1,999,525,2837
single-submission,React,E3,2,A1,1166,526,2874
single-submission,React,E3,3,A1,1112,500,3395
single-submission,React,E3,4,A1,1092,467,2874
single-submission,React,E3,5,A1,1095,494,3395
single-submission,React,E3,6,A1,1005,502,3373
single-submission,React,E3,7,A1,1081,493,2874
single-submission,React,E3,8,A1,1102,496,2876
single-submission,React,E3,9,A1,1112,484,2874
single-submission,React,E3,10,A1,1114,515,2876
single-submission,React,E3,11,A1,1134,510,3297
single-submission,React,E3,12,A1,1012,495,3388
single-submission,React,E3,13,A1,1081,491,2876
single-submission,React,E3,14,A1,1073,505,2835
single-submission,React,E3,15,A1,1132,514,2906
single-submission,React,E3,16,A1,1107,497,2874
single-submission,React,E3,17,A1,1126,507,3351
single-submission,React,E3,18,A1,1034,504,3290
single-submission,React,E3,19,A1,1030,490,3286
single-submission,React,E3,20,A1,1120,500,3297
single-submission,React,E3,21,A1,1104,487,3397
single-submission,React,E3,22,A1,1030,493,3288
single-submission,React,E3,23,A1,1047,520,2877
single-submission,React,E3,24,A1,1159,546,2906
single-submission,React,E3,25,A1,1055,509,3287
single-submission,React,E3,26,A1,1122,511,3333
single-submission,React,E3,27,A1,1126,500,3366
single-submission,React,E3,28,A1,1093,501,3395
single-submission,React,E3,29,A1,1139,512,3298
single-submission,React,E3,30,A1,1084,472,2874
single-submission,Angular,E1,1,A1,202,50,3084
single-submission,Angular,E1,2,A1,197,52,2907
single-submission,Angular,E1,3,A1,206,49,3084
single-submission,Angular,E1,4,A1,204,50,3077
single-submission,Angular,E1,5,A1,204,48,3037
single-submission,Angular,E1,6,A1,214,50,3037
single-submission,Angular,E1,7,A1,198,57,3598
single-submission,Angular,E1,8,A1,198,50,3604
single-submission,Angular,E1,9,A1,206,54,3084
single-submission,Angular,E1,10,A1,204,50,3076
single-submission,Angular,E1,11,A1,199,52,3084
single-submission,Angular,E1,12,A1,215,54,3037
single-submission,Angular,E1,13,A1,205,52,3041
single-submission,Angular,E1,14,A1,195,53,2908
single-submission,Angular,E1,15,A1,203,55,3075
single-submission,Angular,E1,16,A1,197,50,3572
single-submission,Angular,E1,17,A1,207,51,3077
single-submission,Angular,E1,18,A1,198,52,3596
single-submission,Angular,E1,19,A1,213,63,3511
single-submission,Angular,E1,20,A1,211,53,3082
single-submission,Angular,E1,21,A1,201,50,3084
single-submission,Angular,E1,22,A1,187,52,2884
single-submission,Angular,E1,23,A1,218,50,3037
single-submission,Angular,E1,24,A1,205,52,3043
single-submission,Angular,E1,25,A1,210,53,3084
single-submission,Angular,E1,26,A1,199,50,3605
single-submission,Angular,E1,27,A1,204,49,3082
single-submission,Angular,E1,28,A1,208,51,3077
single-submission,Angular,E1,29,A1,212,53,3037
single-submission,Angular,E1,30,A1,212,51,3037
single-submission,Angular,E2,1,A1,856,483,3061
single-submission,Angular,E2,2,A1,833,451,3485
single-submission,Angular,E2,3,A1,816,453,3061
single-submission,Angular,E2,4,A1,844,472,3061
single-submission,Angular,E2,5,A1,821,466,3582
single-submission,Angular,E2,6,A1,837,464,3582
single-submission,Angular,E2,7,A1,839,465,3485
single-submission,Angular,E2,8,A1,833,457,3485
single-submission,Angular,E2,9,A1,823,446,3061
single-submission,Angular,E2,10,A1,827,466,3582
single-submission,Angular,E2,11,A1,828,450,3485
single-submission,Angular,E2,12,A1,809,440,3061
single-submission,Angular,E2,13,A1,901,494,3061
single-submission,Angular,E2,14,A1,818,441,3582
single-submission,Angular,E2,15,A1,837,462,3061
single-submission,Angular,E2,16,A1,832,474,3485
single-submission,Angular,E2,17,A1,797,429,3061
single-submission,Angular,E2,18,A1,786,433,3061
single-submission,Angular,E2,19,A1,859,472,3061
single-submission,Angular,E2,20,A1,850,477,3061
single-submission,Angular,E2,21,A1,837,480,3582
single-submission,Angular,E2,22,A1,810,451,3061
single-submission,Angular,E2,23,A1,833,458,3485
single-submission,Angular,E2,24,A1,860,482,3061
single-submission,Angular,E2,25,A1,856,466,3061
single-submission,Angular,E2,26,A1,863,474,3061
single-submission,Angular,E2,27,A1,834,459,3485
single-submission,Angular,E2,28,A1,858,482,3061
single-submission,Angular,E2,29,A1,824,451,3485
single-submission,Angular,E2,30,A1,833,465,3582
single-submission,Angular,E3,1,A1,1021,559,3582
single-submission,Angular,E3,2,A1,989,527,3061
single-submission,Angular,E3,3,A1,1018,573,3505
single-submission,Angular,E3,4,A1,1029,577,3485
single-submission,Angular,E3,5,A1,1061,601,3061
single-submission,Angular,E3,6,A1,1038,562,3564
single-submission,Angular,E3,7,A1,1018,577,3061
single-submission,Angular,E3,8,A1,942,573,3476
single-submission,Angular,E3,9,A1,1022,578,3582
single-submission,Angular,E3,10,A1,969,531,3061
single-submission,Angular,E3,11,A1,906,549,3573
single-submission,Angular,E3,12,A1,999,540,3061
single-submission,Angular,E3,13,A1,1021,552,3485
single-submission,Angular,E3,14,A1,1002,554,3061
single-submission,Angular,E3,15,A1,1032,576,3485
single-submission,Angular,E3,16,A1,928,559,3476
single-submission,Angular,E3,17,A1,1006,562,3582
single-submission,Angular,E3,18,A1,995,553,3061
single-submission,Angular,E3,19,A1,938,579,3476
single-submission,Angular,E3,20,A1,1027,576,3582
single-submission,Angular,E3,21,A1,1009,549,3485
single-submission,Angular,E3,22,A1,1001,539,3582
single-submission,Angular,E3,23,A1,924,566,3476
single-submission,Angular,E3,24,A1,987,544,3061
single-submission,Angular,E3,25,A1,1023,580,3582
single-submission,Angular,E3,26,A1,1031,575,3582
single-submission,Angular,E3,27,A1,909,554,3547
single-submission,Angular,E3,28,A1,1016,573,3577
single-submission,Angular,E3,29,A1,919,554,3476
single-submission,Angular,E3,30,A1,1058,609,3093
stress-test,Vanilla,E1,1,A1,564,46,2392
stress-test,Vanilla,E1,2,A1,592,38,2934
stress-test,Vanilla,E1,3,A1,548,40,2392
stress-test,Vanilla,E1,4,A1,565,42,2392
stress-test,Vanilla,E1,5,A1,562,34,2392
stress-test,Vanilla,E1,6,A1,612,33,2415
stress-test,Vanilla,E1,7,A1,570,34,2392
stress-test,Vanilla,E1,8,A1,580,38,2390
stress-test,Vanilla,E1,9,A1,552,31,2392
stress-test,Vanilla,E1,10,A1,562,34,2392
stress-test,Vanilla,E1,11,A1,564,35,2392
stress-test,Vanilla,E1,12,A1,570,41,2387
stress-test,Vanilla,E1,13,A1,563,29,2392
stress-test,Vanilla,E1,14,A1,575,37,2381
stress-test,Vanilla,E1,15,A1,586,39,2381
stress-test,Vanilla,E1,16,A1,564,35,2392
stress-test,Vanilla,E1,17,A1,573,34,2392
stress-test,Vanilla,E1,18,A1,544,38,2392
stress-test,Vanilla,E1,19,A1,595,36,2381
stress-test,Vanilla,E1,20,A1,568,42,2392
stress-test,Vanilla,E1,21,A1,553,31,2392
stress-test,Vanilla,E1,22,A1,598,42,2807
stress-test,Vanilla,E1,23,A1,572,38,2392
stress-test,Vanilla,E1,24,A1,560,33,2392
stress-test,Vanilla,E1,25,A1,585,37,2392
stress-test,Vanilla,E1,26,A1,540,36,2392
stress-test,Vanilla,E1,27,A1,568,35,2392
stress-test,Vanilla,E1,28,A1,558,36,2392
stress-test,Vanilla,E1,29,A1,564,40,2392
stress-test,Vanilla,E1,30,A1,591,43,2937
stress-test,Vanilla,E2,1,A1,1398,341,2470
stress-test,Vanilla,E2,2,A1,1416,356,2470
stress-test,Vanilla,E2,3,A1,1391,366,2461
stress-test,Vanilla,E2,4,A1,1308,332,2452
stress-test,Vanilla,E2,5,A1,1358,367,2452
stress-test,Vanilla,E2,6,A1,1424,364,2470
stress-test,Vanilla,E2,7,A1,1399,343,2469
stress-test,Vanilla,E2,8,A1,1362,373,2452
stress-test,Vanilla,E2,9,A1,1372,347,2462
stress-test,Vanilla,E2,10,A1,1319,362,2452
stress-test,Vanilla,E2,11,A1,1379,341,2452
stress-test,Vanilla,E2,12,A1,1383,360,2460
stress-test,Vanilla,E2,13,A1,1353,365,2452
stress-test,Vanilla,E2,14,A1,1341,333,2964
stress-test,Vanilla,E2,15,A1,1352,345,2867
stress-test,Vanilla,E2,16,A1,1316,325,2964
stress-test,Vanilla,E2,17,A1,1352,340,2484
stress-test,Vanilla,E2,18,A1,1367,358,2462
stress-test,Vanilla,E2,19,A1,1346,356,2964
stress-test,Vanilla,E2,20,A1,1384,359,2474
stress-test,Vanilla,E2,21,A1,1359,356,2461
stress-test,Vanilla,E2,22,A1,1381,358,2462
stress-test,Vanilla,E2,23,A1,1361,339,2876
stress-test,Vanilla,E2,24,A1,1382,360,2452
stress-test,Vanilla,E2,25,A1,1447,358,2899
stress-test,Vanilla,E2,26,A1,1377,353,2461
stress-test,Vanilla,E2,27,A1,1431,355,2491
stress-test,Vanilla,E2,28,A1,1345,340,2452
stress-test,Vanilla,E2,29,A1,1325,344,2964
stress-test,Vanilla,E2,30,A1,1341,335,2867
stress-test,Vanilla,E3,1,A1,1543,406,2850
stress-test,Vanilla,E3,2,A1,1447,404,2841
stress-test,Vanilla,E3,3,A1,1548,395,2875
stress-test,Vanilla,E3,4,A1,1525,431,2942
stress-test,Vanilla,E3,5,A1,1543,434,2856
stress-test,Vanilla,E3,6,A1,1544,438,2841
stress-test,Vanilla,E3,7,A1,1499,413,2947
stress-test,Vanilla,E3,8,A1,1526,417,2947
stress-test,Vanilla,E3,9,A1,1476,401,2435
stress-test,Vanilla,E3,10,A1,1482,423,2435
stress-test,Vanilla,E3,11,A1,1467,408,2454
stress-test,Vanilla,E3,12,A1,1548,422,2964
stress-test,Vanilla,E3,13,A1,1531,408,2942
stress-test,Vanilla,E3,14,A1,1509,415,2456
stress-test,Vanilla,E3,15,A1,1506,404,2947
stress-test,Vanilla,E3,16,A1,1473,399,2850
stress-test,Vanilla,E3,17,A1,1501,408,2441
stress-test,Vanilla,E3,18,A1,1527,402,2947
stress-test,Vanilla,E3,19,A1,1486,393,2435
stress-test,Vanilla,E3,20,A1,1454,398,2856
stress-test,Vanilla,E3,21,A1,1532,425,2850
stress-test,Vanilla,E3,22,A1,1443,415,2850
stress-test,Vanilla,E3,23,A1,1517,440,2947
stress-test,Vanilla,E3,24,A1,1509,399,2435
stress-test,Vanilla,E3,25,A1,1535,420,2921
stress-test,Vanilla,E3,26,A1,1504,401,2435
stress-test,Vanilla,E3,27,A1,1487,394,2462
stress-test,Vanilla,E3,28,A1,1493,401,2469
stress-test,Vanilla,E3,29,A1,1483,425,2435
stress-test,Vanilla,E3,30,A1,1511,423,2850
stress-test,React,E1,1,A1,594,46,3225
stress-test,React,E1,2,A1,611,48,3203
stress-test,React,E1,3,A1,590,45,3210
stress-test,React,E1,4,A1,570,45,3222
stress-test,React,E1,5,A1,610,48,3393
stress-test,React,E1,6,A1,620,50,3204
stress-test,React,E1,7,A1,578,52,3224
stress-test,React,E1,8,A1,566,47,3233
stress-test,React,E1,9,A1,609,44,3420
stress-test,React,E1,10,A1,594,47,3205
stress-test,React,E1,11,A1,563,43,3224
stress-test,React,E1,12,A1,616,45,3201
stress-test,React,E1,13,A1,605,46,3405
stress-test,React,E1,14,A1,604,45,3406
stress-test,React,E1,15,A1,609,44,3204
stress-test,React,E1,16,A1,606,46,3224
stress-test,React,E1,17,A1,633,53,3236
stress-test,React,E1,18,A1,617,45,3204
stress-test,React,E1,19,A1,593,44,3224
stress-test,React,E1,20,A1,618,50,3392
stress-test,React,E1,21,A1,604,51,3208
stress-test,React,E1,22,A1,600,46,3224
stress-test,React,E1,23,A1,616,47,3204
stress-test,React,E1,24,A1,572,44,3223
stress-test,React,E1,25,A1,614,45,3204
stress-test,React,E1,26,A1,594,44,3222
stress-test,React,E1,27,A1,626,46,3392
stress-test,React,E1,28,A1,624,48,3203
stress-test,React,E1,29,A1,603,42,3409
stress-test,React,E1,30,A1,598,43,3415
stress-test,React,E2,1,A1,1593,450,3238
stress-test,React,E2,2,A1,1520,448,3336
stress-test,React,E2,3,A1,1532,451,3144
stress-test,React,E2,4,A1,1501,432,3128
stress-test,React,E2,5,A1,1555,449,3160
stress-test,React,E2,6,A1,1604,454,3144
stress-test,React,E2,7,A1,1543,455,3430
stress-test,React,E2,8,A1,1549,429,3332
stress-test,React,E2,9,A1,1533,432,3414
stress-test,React,E2,10,A1,1525,438,3142
stress-test,React,E2,11,A1,1531,426,3420
stress-test,React,E2,12,A1,1617,434,3160
stress-test,React,E2,13,A1,1608,466,3193
stress-test,React,E2,14,A1,1585,442,3462
stress-test,React,E2,15,A1,1566,455,3436
stress-test,React,E2,16,A1,1526,422,3161
stress-test,React,E2,17,A1,1582,450,3143
stress-test,React,E2,18,A1,1588,455,3158
stress-test,React,E2,19,A1,1545,436,3462
stress-test,React,E2,20,A1,1525,457,3143
stress-test,React,E2,21,A1,1506,458,3199
stress-test,React,E2,22,A1,1542,440,3192
stress-test,React,E2,23,A1,1534,449,3144
stress-test,React,E2,24,A1,1550,450,3239
stress-test,React,E2,25,A1,1590,459,3142
stress-test,React,E2,26,A1,1544,443,3163
stress-test,React,E2,27,A1,1567,441,3411
stress-test,React,E2,28,A1,1533,441,3424
stress-test,React,E2,29,A1,1548,438,3143
stress-test,React,E2,30,A1,1528,442,3181
stress-test,React,E3,1,A1,1788,495,3329
stress-test,React,E3,2,A1,1761,493,3298
stress-test,React,E3,3,A1,1869,525,3318
stress-test,React,E3,4,A1,1869,519,3361
stress-test,React,E3,5,A1,1817,521,3312
stress-test,React,E3,6,A1,1765,491,3318
stress-test,React,E3,7,A1,1779,503,3402
stress-test,React,E3,8,A1,1861,533,3319
stress-test,React,E3,9,A1,1812,512,3210
stress-test,React,E3,10,A1,1797,514,3231
stress-test,React,E3,11,A1,1825,513,3205
stress-test,React,E3,12,A1,1814,501,3229
stress-test,React,E3,13,A1,1877,552,3321
stress-test,React,E3,14,A1,1809,519,3183
stress-test,React,E3,15,A1,1805,501,3306
stress-test,React,E3,16,A1,1774,492,3229
stress-test,React,E3,17,A1,1827,507,3198
stress-test,React,E3,18,A1,1767,497,3311
stress-test,React,E3,19,A1,1802,480,3237
stress-test,React,E3,20,A1,1769,501,3320
stress-test,React,E3,21,A1,1784,493,3439
stress-test,React,E3,22,A1,1794,518,3317
stress-test,React,E3,23,A1,1837,507,3241
stress-test,React,E3,24,A1,1785,483,3329
stress-test,React,E3,25,A1,1769,497,3312
stress-test,React,E3,26,A1,1801,480,3248
stress-test,React,E3,27,A1,1716,488,3250
stress-test,React,E3,28,A1,1836,529,3242
stress-test,React,E3,29,A1,1777,517,3391
stress-test,React,E3,30,A1,1743,507,3293
stress-test,Angular,E1,1,A1,516,52,3248
stress-test,Angular,E1,2,A1,517,48,3250
stress-test,Angular,E1,3,A1,516,51,3237
stress-test,Angular,E1,4,A1,471,50,3610
stress-test,Angular,E1,5,A1,497,55,3577
stress-test,Angular,E1,6,A1,521,51,3237
stress-test,Angular,E1,7,A1,523,55,3238
stress-test,Angular,E1,8,A1,519,52,3237
stress-test,Angular,E1,9,A1,486,52,3574
stress-test,Angular,E1,10,A1,466,47,3590
stress-test,Angular,E1,11,A1,506,51,3452
stress-test,Angular,E1,12,A1,508,50,3263
stress-test,Angular,E1,13,A1,494,50,3567
stress-test,Angular,E1,14,A1,507,48,3263
stress-test,Angular,E1,15,A1,515,51,3237
stress-test,Angular,E1,16,A1,502,54,3587
stress-test,Angular,E1,17,A1,506,49,3263
stress-test,Angular,E1,18,A1,495,53,3576
stress-test,Angular,E1,19,A1,516,56,3237
stress-test,Angular,E1,20,A1,518,52,3237
stress-test,Angular,E1,21,A1,500,49,3452
stress-test,Angular,E1,22,A1,520,52,3237
stress-test,Angular,E1,23,A1,522,54,3237
stress-test,Angular,E1,24,A1,506,54,3564
stress-test,Angular,E1,25,A1,514,54,3237
stress-test,Angular,E1,26,A1,483,52,3577
stress-test,Angular,E1,27,A1,487,51,3579
stress-test,Angular,E1,28,A1,501,53,3457
stress-test,Angular,E1,29,A1,492,51,3517
stress-test,Angular,E1,30,A1,502,51,3443
stress-test,Angular,E2,1,A1,1326,471,3607
stress-test,Angular,E2,2,A1,1296,468,3608
stress-test,Angular,E2,3,A1,1327,465,3651
stress-test,Angular,E2,4,A1,1326,453,3621
stress-test,Angular,E2,5,A1,1272,440,3619
stress-test,Angular,E2,6,A1,1254,465,3502
stress-test,Angular,E2,7,A1,1249,440,3638
stress-test,Angular,E2,8,A1,1309,473,3546
stress-test,Angular,E2,9,A1,1248,465,3627
stress-test,Angular,E2,10,A1,1274,464,3645
stress-test,Angular,E2,11,A1,1257,445,3640
stress-test,Angular,E2,12,A1,1237,453,3645
stress-test,Angular,E2,13,A1,1283,461,3619
stress-test,Angular,E2,14,A1,1281,449,3606
stress-test,Angular,E2,15,A1,1331,483,3586
stress-test,Angular,E2,16,A1,1219,445,3566
stress-test,Angular,E2,17,A1,1376,476,3638
stress-test,Angular,E2,18,A1,1211,468,3472
stress-test,Angular,E2,19,A1,1290,481,3620
stress-test,Angular,E2,20,A1,1316,474,3592
stress-test,Angular,E2,21,A1,1292,472,3627
stress-test,Angular,E2,22,A1,1325,475,3506
stress-test,Angular,E2,23,A1,1299,476,3613
stress-test,Angular,E2,24,A1,1288,485,3625
stress-test,Angular,E2,25,A1,1307,475,3618
stress-test,Angular,E2,26,A1,1251,452,3597
stress-test,Angular,E2,27,A1,1518,479,3284
stress-test,Angular,E2,28,A1,1270,469,3637
stress-test,Angular,E2,29,A1,1306,465,3615
stress-test,Angular,E2,30,A1,1273,484,3614
stress-test,Angular,E3,1,A1,1660,586,3528
stress-test,Angular,E3,2,A1,1671,563,3525
stress-test,Angular,E3,3,A1,1649,557,3514
stress-test,Angular,E3,4,A1,1695,554,3284
stress-test,Angular,E3,5,A1,1524,564,3555
stress-test,Angular,E3,6,A1,1618,558,3284
stress-test,Angular,E3,7,A1,1732,527,3284
stress-test,Angular,E3,8,A1,1758,547,3533
stress-test,Angular,E3,9,A1,1643,565,3519
stress-test,Angular,E3,10,A1,1663,572,3491
stress-test,Angular,E3,11,A1,1693,585,3267
stress-test,Angular,E3,12,A1,1659,534,3536
stress-test,Angular,E3,13,A1,1690,573,3284
stress-test,Angular,E3,14,A1,1679,569,3284
stress-test,Angular,E3,15,A1,1687,579,3523
stress-test,Angular,E3,16,A1,1759,568,3551
stress-test,Angular,E3,17,A1,1765,610,3536
stress-test,Angular,E3,18,A1,1861,583,3560
stress-test,Angular,E3,19,A1,1720,543,3518
stress-test,Angular,E3,20,A1,1723,583,3259
stress-test,Angular,E3,21,A1,1702,575,3273
stress-test,Angular,E3,22,A1,1723,542,3284
stress-test,Angular,E3,23,A1,1645,568,3533
stress-test,Angular,E3,24,A1,1668,591,3534
stress-test,Angular,E3,25,A1,1675,601,3508
stress-test,Angular,E3,26,A1,1751,603,3570
stress-test,Angular,E3,27,A1,1714,569,3264
stress-test,Angular,E3,28,A1,1717,560,3273
stress-test,Angular,E3,29,A1,1753,561,3647
stress-test,Angular,E3,30,A1,1663,559,3503
error-handling,Vanilla,E1,1,error-shown,125,37,2009
error-handling,Vanilla,E1,2,error-shown,128,34,2009
error-handling,Vanilla,E1,3,error-shown,131,36,2009
error-handling,Vanilla,E1,4,error-shown,119,33,2127
error-handling,Vanilla,E1,5,error-shown,133,40,2006
error-handling,Vanilla,E1,6,error-shown,129,34,2009
error-handling,Vanilla,E1,7,error-shown,120,34,2127
error-handling,Vanilla,E1,8,error-shown,130,41,2006
error-handling,Vanilla,E1,9,error-shown,118,33,2029
error-handling,Vanilla,E1,10,error-shown,130,39,2009
error-handling,Vanilla,E1,11,error-shown,126,37,2009
error-handling,Vanilla,E1,12,error-shown,127,37,2009
error-handling,Vanilla,E1,13,error-shown,129,33,2009
error-handling,Vanilla,E1,14,error-shown,133,42,1993
error-handling,Vanilla,E1,15,error-shown,120,37,2127
error-handling,Vanilla,E1,16,error-shown,120,37,2127
error-handling,Vanilla,E1,17,error-shown,122,38,2127
error-handling,Vanilla,E1,18,error-shown,129,34,2009
error-handling,Vanilla,E1,19,error-shown,130,43,2009
error-handling,Vanilla,E1,20,error-shown,119,33,2127
error-handling,Vanilla,E1,21,error-shown,125,33,2029
error-handling,Vanilla,E1,22,error-shown,122,36,2127
error-handling,Vanilla,E1,23,error-shown,129,40,2009
error-handling,Vanilla,E1,24,error-shown,131,39,1972
error-handling,Vanilla,E1,25,error-shown,124,34,2126
error-handling,Vanilla,E1,26,error-shown,126,34,2009
error-handling,Vanilla,E1,27,error-shown,128,31,2009
error-handling,Vanilla,E1,28,error-shown,128,37,2009
error-handling,Vanilla,E1,29,error-shown,115,31,2127
error-handling,Vanilla,E1,30,error-shown,124,38,2029
error-handling,Vanilla,E2,1,error-shown,497,353,1908
error-handling,Vanilla,E2,2,error-shown,540,373,2009
error-handling,Vanilla,E2,3,error-shown,509,359,2542
error-handling,Vanilla,E2,4,error-shown,507,344,2542
error-handling,Vanilla,E2,5,error-shown,522,371,2542
error-handling,Vanilla,E2,6,error-shown,534,361,2133
error-handling,Vanilla,E2,7,error-shown,541,367,2009
error-handling,Vanilla,E2,8,error-shown,514,366,2542
error-handling,Vanilla,E2,9,error-shown,510,360,2542
error-handling,Vanilla,E2,10,error-shown,523,372,2542
error-handling,Vanilla,E2,11,error-shown,505,361,2542
error-handling,Vanilla,E2,12,error-shown,522,371,2542
error-handling,Vanilla,E2,13,error-shown,522,369,2150
error-handling,Vanilla,E2,14,error-shown,515,352,2140
error-handling,Vanilla,E2,15,error-shown,525,371,2542
error-handling,Vanilla,E2,16,error-shown,513,349,2542
error-handling,Vanilla,E2,17,error-shown,518,367,2542
error-handling,Vanilla,E2,18,error-shown,494,347,1932
error-handling,Vanilla,E2,19,error-shown,508,358,2542
error-handling,Vanilla,E2,20,error-shown,511,361,2612
error-handling,Vanilla,E2,21,error-shown,508,358,2542
error-handling,Vanilla,E2,22,error-shown,498,350,2542
error-handling,Vanilla,E2,23,error-shown,512,348,2542
error-handling,Vanilla,E2,24,error-shown,515,345,2542
error-handling,Vanilla,E2,25,error-shown,518,356,2542
error-handling,Vanilla,E2,26,error-shown,522,369,2150
error-handling,Vanilla,E2,27,error-shown,523,373,2150
error-handling,Vanilla,E2,28,error-shown,537,370,2009
error-handling,Vanilla,E2,29,error-shown,514,366,2542
error-handling,Vanilla,E2,30,error-shown,511,359,2542
error-handling,Vanilla,E3,1,error-shown,638,409,2133
error-handling,Vanilla,E3,2,error-shown,672,430,2639
error-handling,Vanilla,E3,3,error-shown,623,399,2542
error-handling,Vanilla,E3,4,error-shown,636,419,2109
error-handling,Vanilla,E3,5,error-shown,666,435,2610
error-handling,Vanilla,E3,6,error-shown,637,412,2133
error-handling,Vanilla,E3,7,error-shown,624,394,2150
error-handling,Vanilla,E3,8,error-shown,652,418,2009
error-handling,Vanilla,E3,9,error-shown,625,394,2542
error-handling,Vanilla,E3,10,error-shown,624,413,2542
error-handling,Vanilla,E3,11,error-shown,672,441,2618
error-handling,Vanilla,E3,12,error-shown,652,439,2009
error-handling,Vanilla,E3,13,error-shown,656,405,2009
error-handling,Vanilla,E3,14,error-shown,713,442,2542
error-handling,Vanilla,E3,15,error-shown,677,433,2621
error-handling,Vanilla,E3,16,error-shown,662,419,2009
error-handling,Vanilla,E3,17,error-shown,659,410,2009
error-handling,Vanilla,E3,18,error-shown,648,426,2108
error-handling,Vanilla,E3,19,error-shown,659,410,2009
error-handling,Vanilla,E3,20,error-shown,657,415,2131
error-handling,Vanilla,E3,21,error-shown,638,418,2108
error-handling,Vanilla,E3,22,error-shown,665,419,2542
error-handling,Vanilla,E3,23,error-shown,662,416,2009
error-handling,Vanilla,E3,24,error-shown,640,411,2150
error-handling,Vanilla,E3,25,error-shown,637,412,2109
error-handling,Vanilla,E3,26,error-shown,666,415,2639
error-handling,Vanilla,E3,27,error-shown,672,437,2009
error-handling,Vanilla,E3,28,error-shown,662,431,2009
error-handling,Vanilla,E3,29,error-shown,665,421,2109
error-handling,Vanilla,E3,30,error-shown,658,432,2009
error-handling,React,E1,1,error-shown,153,49,2589
error-handling,React,E1,2,error-shown,150,48,2591
error-handling,React,E1,3,error-shown,151,46,2589
error-handling,React,E1,4,error-shown,158,47,2590
error-handling,React,E1,5,error-shown,151,45,2589
error-handling,React,E1,6,error-shown,145,48,2591
error-handling,React,E1,7,error-shown,141,45,2590
error-handling,React,E1,8,error-shown,149,51,2591
error-handling,React,E1,9,error-shown,166,53,2532
error-handling,React,E1,10,error-shown,148,45,2591
error-handling,React,E1,11,error-shown,149,56,2591
error-handling,React,E1,12,error-shown,157,48,2591
error-handling,React,E1,13,error-shown,145,44,2591
error-handling,React,E1,14,error-shown,143,45,2591
error-handling,React,E1,15,error-shown,154,46,2591
error-handling,React,E1,16,error-shown,146,48,2591
error-handling,React,E1,17,error-shown,138,48,2593
error-handling,React,E1,18,error-shown,152,47,2593
error-handling,React,E1,19,error-shown,160,60,2536
error-handling,React,E1,20,error-shown,154,49,2589
error-handling,React,E1,21,error-shown,135,46,2595
error-handling,React,E1,22,error-shown,140,39,2591
error-handling,React,E1,23,error-shown,156,56,2591
error-handling,React,E1,24,error-shown,147,45,2593
error-handling,React,E1,25,error-shown,156,47,2588
error-handling,React,E1,26,error-shown,146,44,2593
error-handling,React,E1,27,error-shown,153,43,2591
error-handling,React,E1,28,error-shown,147,51,2591
error-handling,React,E1,29,error-shown,149,51,2590
error-handling,React,E1,30,error-shown,144,43,2591
error-handling,React,E2,1,error-shown,730,448,3347
error-handling,React,E2,2,error-shown,719,468,3346
error-handling,React,E2,3,error-shown,706,455,3348
error-handling,React,E2,4,error-shown,712,450,3348
error-handling,React,E2,5,error-shown,709,458,3348
error-handling,React,E2,6,error-shown,732,466,3346
error-handling,React,E2,7,error-shown,720,453,3348
error-handling,React,E2,8,error-shown,715,453,3348
error-handling,React,E2,9,error-shown,717,455,3348
error-handling,React,E2,10,error-shown,734,467,3346
error-handling,React,E2,11,error-shown,708,450,3442
error-handling,React,E2,12,error-shown,716,460,3442
error-handling,React,E2,13,error-shown,708,463,3346
error-handling,React,E2,14,error-shown,713,453,3346
error-handling,React,E2,15,error-shown,716,457,3348
error-handling,React,E2,16,error-shown,700,459,3349
error-handling,React,E2,17,error-shown,703,449,2588
error-handling,React,E2,18,error-shown,742,470,3348
error-handling,React,E2,19,error-shown,713,466,3346
error-handling,React,E2,20,error-shown,703,446,3445
error-handling,React,E2,21,error-shown,717,454,3349
error-handling,React,E2,22,error-shown,724,451,2590
error-handling,React,E2,23,error-shown,718,448,3349
error-handling,React,E2,24,error-shown,693,456,3445
error-handling,React,E2,25,error-shown,719,457,3346
error-handling,React,E2,26,error-shown,708,446,3346
error-handling,React,E2,27,error-shown,720,459,3347
error-handling,React,E2,28,error-shown,718,462,3346
error-handling,React,E2,29,error-shown,714,448,2689
error-handling,React,E2,30,error-shown,724,454,3346
error-handling,React,E3,1,error-shown,948,527,2954
error-handling,React,E3,2,error-shown,959,532,2924
error-handling,React,E3,3,error-shown,962,524,2759
error-handling,React,E3,4,error-shown,900,522,3443
error-handling,React,E3,5,error-shown,919,505,3419
error-handling,React,E3,6,error-shown,932,521,3417
error-handling,React,E3,7,error-shown,976,533,2902
error-handling,React,E3,8,error-shown,925,511,2956
error-handling,React,E3,9,error-shown,956,534,2902
error-handling,React,E3,10,error-shown,938,507,3346
error-handling,React,E3,11,error-shown,937,526,2902
error-handling,React,E3,12,error-shown,939,513,3346
error-handling,React,E3,13,error-shown,956,517,2954
error-handling,React,E3,14,error-shown,921,511,3444
error-handling,React,E3,15,error-shown,914,497,3346
error-handling,React,E3,16,error-shown,885,482,2909
error-handling,React,E3,17,error-shown,936,502,3348
error-handling,React,E3,18,error-shown,981,528,2857
error-handling,React,E3,19,error-shown,942,536,2943
error-handling,React,E3,20,error-shown,1005,559,3346
error-handling,React,E3,21,error-shown,930,521,2954
error-handling,React,E3,22,error-shown,890,495,2759
error-handling,React,E3,23,error-shown,965,518,2926
error-handling,React,E3,24,error-shown,931,504,3349
error-handling,React,E3,25,error-shown,932,515,3346
error-handling,React,E3,26,error-shown,940,512,3346
error-handling,React,E3,27,error-shown,921,497,3444
error-handling,React,E3,28,error-shown,949,528,3346
error-handling,React,E3,29,error-shown,946,507,3348
error-handling,React,E3,30,error-shown,900,524,3445
error-handling,Angular,E1,1,error-shown,142,55,2884
error-handling,Angular,E1,2,error-shown,153,52,2883
error-handling,Angular,E1,3,error-shown,151,54,2883
error-handling,Angular,E1,4,error-shown,142,53,2884
error-handling,Angular,E1,5,error-shown,139,51,2884
error-handling,Angular,E1,6,error-shown,152,58,2884
error-handling,Angular,E1,7,error-shown,146,55,2884
error-handling,Angular,E1,8,error-shown,146,56,2884
error-handling,Angular,E1,9,error-shown,157,57,2883
error-handling,Angular,E1,10,error-shown,146,55,2883
error-handling,Angular,E1,11,error-shown,148,52,2884
error-handling,Angular,E1,12,error-shown,145,51,2884
error-handling,Angular,E1,13,error-shown,137,51,2884
error-handling,Angular,E1,14,error-shown,147,50,2883
error-handling,Angular,E1,15,error-shown,150,59,2884
error-handling,Angular,E1,16,error-shown,154,52,2884
error-handling,Angular,E1,17,error-shown,144,53,2884
error-handling,Angular,E1,18,error-shown,148,49,2884
error-handling,Angular,E1,19,error-shown,136,48,2884
error-handling,Angular,E1,20,error-shown,152,54,2883
error-handling,Angular,E1,21,error-shown,149,53,2883
error-handling,Angular,E1,22,error-shown,143,55,2883
error-handling,Angular,E1,23,error-shown,147,52,2884
error-handling,Angular,E1,24,error-shown,146,52,2884
error-handling,Angular,E1,25,error-shown,137,50,2884
error-handling,Angular,E1,26,error-shown,153,58,2884
error-handling,Angular,E1,27,error-shown,143,51,2884
error-handling,Angular,E1,28,error-shown,139,51,2884
error-handling,Angular,E1,29,error-shown,146,52,2883
error-handling,Angular,E1,30,error-shown,149,52,2883
error-handling,Angular,E2,1,error-shown,642,469,3519
error-handling,Angular,E2,2,error-shown,666,490,3107
error-handling,Angular,E2,3,error-shown,638,475,3066
error-handling,Angular,E2,4,error-shown,633,465,3519
error-handling,Angular,E2,5,error-shown,638,471,3127
error-handling,Angular,E2,6,error-shown,643,480,3117
error-handling,Angular,E2,7,error-shown,636,479,3092
error-handling,Angular,E2,8,error-shown,638,466,3087
error-handling,Angular,E2,9,error-shown,650,482,3074
error-handling,Angular,E2,10,error-shown,610,449,2883
error-handling,Angular,E2,11,error-shown,643,473,3066
error-handling,Angular,E2,12,error-shown,629,469,3519
error-handling,Angular,E2,13,error-shown,655,478,3107
error-handling,Angular,E2,14,error-shown,661,481,3117
error-handling,Angular,E2,15,error-shown,650,477,3067
error-handling,Angular,E2,16,error-shown,610,454,3616
error-handling,Angular,E2,17,error-shown,660,484,2948
error-handling,Angular,E2,18,error-shown,644,469,3092
error-handling,Angular,E2,19,error-shown,615,457,3519
error-handling,Angular,E2,20,error-shown,635,462,3519
error-handling,Angular,E2,21,error-shown,648,474,2966
error-handling,Angular,E2,22,error-shown,638,462,2967
error-handling,Angular,E2,23,error-shown,660,479,3067
error-handling,Angular,E2,24,error-shown,646,480,3076
error-handling,Angular,E2,25,error-shown,646,482,2967
error-handling,Angular,E2,26,error-shown,658,477,3076
error-handling,Angular,E2,27,error-shown,636,478,3125
error-handling,Angular,E2,28,error-shown,610,460,3625
error-handling,Angular,E2,29,error-shown,638,461,3117
error-handling,Angular,E2,30,error-shown,638,479,3117
error-handling,Angular,E3,1,error-shown,819,575,3519
error-handling,Angular,E3,2,error-shown,830,579,3616
error-handling,Angular,E3,3,error-shown,831,573,3519
error-handling,Angular,E3,4,error-shown,823,580,3519
error-handling,Angular,E3,5,error-shown,840,587,3127
error-handling,Angular,E3,6,error-shown,819,565,3519
error-handling,Angular,E3,7,error-shown,858,586,3087
error-handling,Angular,E3,8,error-shown,839,590,3127
error-handling,Angular,E3,9,error-shown,850,590,3118
error-handling,Angular,E3,10,error-shown,816,553,3519
error-handling,Angular,E3,11,error-shown,841,580,3519
error-handling,Angular,E3,12,error-shown,842,583,3519
error-handling,Angular,E3,13,error-shown,835,576,3519
error-handling,Angular,E3,14,error-shown,844,597,3519
error-handling,Angular,E3,15,error-shown,799,561,3519
error-handling,Angular,E3,16,error-shown,867,608,3125
error-handling,Angular,E3,17,error-shown,796,557,2966
error-handling,Angular,E3,18,error-shown,824,581,3519
error-handling,Angular,E3,19,error-shown,863,605,3519
error-handling,Angular,E3,20,error-shown,839,590,3519
error-handling,Angular,E3,21,error-shown,855,584,3127
error-handling,Angular,E3,22,error-shown,790,544,3617
error-handling,Angular,E3,23,error-shown,827,564,3519
error-handling,Angular,E3,24,error-shown,822,581,3519
error-handling,Angular,E3,25,error-shown,863,593,3127
error-handling,Angular,E3,26,error-shown,836,593,3519
error-handling,Angular,E3,27,error-shown,821,557,3519
error-handling,Angular,E3,28,error-shown,825,575,3519
error-handling,Angular,E3,29,error-shown,822,563,3519
error-handling,Angular,E3,30,error-shown,830,575,3519
cold-load,Vanilla,E1,1,N/A,33,32,1085
cold-load,Vanilla,E1,2,N/A,48,42,1085
cold-load,Vanilla,E1,3,N/A,38,36,1085
cold-load,Vanilla,E1,4,N/A,44,42,1085
cold-load,Vanilla,E1,5,N/A,40,38,1085
cold-load,Vanilla,E1,6,N/A,34,32,1085
cold-load,Vanilla,E1,7,N/A,35,33,1085
cold-load,Vanilla,E1,8,N/A,34,32,1085
cold-load,Vanilla,E1,9,N/A,36,34,1085
cold-load,Vanilla,E1,10,N/A,40,38,1085
cold-load,Vanilla,E1,11,N/A,35,34,1085
cold-load,Vanilla,E1,12,N/A,34,33,1085
cold-load,Vanilla,E1,13,N/A,38,35,1085
cold-load,Vanilla,E1,14,N/A,37,35,1085
cold-load,Vanilla,E1,15,N/A,42,40,1085
cold-load,Vanilla,E1,16,N/A,37,35,1085
cold-load,Vanilla,E1,17,N/A,36,34,1085
cold-load,Vanilla,E1,18,N/A,37,35,1085
cold-load,Vanilla,E1,19,N/A,32,31,1085
cold-load,Vanilla,E1,20,N/A,36,34,1085
cold-load,Vanilla,E1,21,N/A,43,42,1085
cold-load,Vanilla,E1,22,N/A,31,29,1085
cold-load,Vanilla,E1,23,N/A,33,30,1085
cold-load,Vanilla,E1,24,N/A,33,31,1085
cold-load,Vanilla,E1,25,N/A,37,34,1085
cold-load,Vanilla,E1,26,N/A,37,34,1085
cold-load,Vanilla,E1,27,N/A,34,32,1085
cold-load,Vanilla,E1,28,N/A,38,35,1085
cold-load,Vanilla,E1,29,N/A,34,32,1085
cold-load,Vanilla,E1,30,N/A,33,31,1085
cold-load,Vanilla,E2,1,N/A,370,355,1085
cold-load,Vanilla,E2,2,N/A,371,368,1085
cold-load,Vanilla,E2,3,N/A,341,337,1085
cold-load,Vanilla,E2,4,N/A,345,337,1085
cold-load,Vanilla,E2,5,N/A,360,357,1085
cold-load,Vanilla,E2,6,N/A,373,369,1085
cold-load,Vanilla,E2,7,N/A,355,352,1085
cold-load,Vanilla,E2,8,N/A,354,351,1085
cold-load,Vanilla,E2,9,N/A,369,365,1085
cold-load,Vanilla,E2,10,N/A,370,367,1085
cold-load,Vanilla,E2,11,N/A,330,321,1085
cold-load,Vanilla,E2,12,N/A,342,336,1085
cold-load,Vanilla,E2,13,N/A,365,362,1085
cold-load,Vanilla,E2,14,N/A,341,336,1085
cold-load,Vanilla,E2,15,N/A,350,340,1085
cold-load,Vanilla,E2,16,N/A,337,326,1085
cold-load,Vanilla,E2,17,N/A,368,363,1085
cold-load,Vanilla,E2,18,N/A,358,355,1085
cold-load,Vanilla,E2,19,N/A,346,334,1085
cold-load,Vanilla,E2,20,N/A,359,357,1085
cold-load,Vanilla,E2,21,N/A,347,343,1085
cold-load,Vanilla,E2,22,N/A,350,347,1085
cold-load,Vanilla,E2,23,N/A,362,359,1085
cold-load,Vanilla,E2,24,N/A,364,360,1085
cold-load,Vanilla,E2,25,N/A,358,355,1085
cold-load,Vanilla,E2,26,N/A,367,363,1085
cold-load,Vanilla,E2,27,N/A,361,358,1085
cold-load,Vanilla,E2,28,N/A,368,365,1085
cold-load,Vanilla,E2,29,N/A,371,369,1085
cold-load,Vanilla,E2,30,N/A,359,356,1085
cold-load,Vanilla,E3,1,N/A,430,420,1085
cold-load,Vanilla,E3,2,N/A,435,428,1085
cold-load,Vanilla,E3,3,N/A,418,414,1085
cold-load,Vanilla,E3,4,N/A,434,426,1085
cold-load,Vanilla,E3,5,N/A,430,419,1085
cold-load,Vanilla,E3,6,N/A,409,393,1085
cold-load,Vanilla,E3,7,N/A,405,397,1085
cold-load,Vanilla,E3,8,N/A,424,415,1085
cold-load,Vanilla,E3,9,N/A,425,416,1085
cold-load,Vanilla,E3,10,N/A,427,411,1085
cold-load,Vanilla,E3,11,N/A,430,414,1085
cold-load,Vanilla,E3,12,N/A,427,425,1085
cold-load,Vanilla,E3,13,N/A,427,424,1085
cold-load,Vanilla,E3,14,N/A,424,414,1085
cold-load,Vanilla,E3,15,N/A,417,409,1085
cold-load,Vanilla,E3,16,N/A,431,423,1085
cold-load,Vanilla,E3,17,N/A,437,428,1085
cold-load,Vanilla,E3,18,N/A,413,397,1085
cold-load,Vanilla,E3,19,N/A,417,399,1085
cold-load,Vanilla,E3,20,N/A,411,406,1085
cold-load,Vanilla,E3,21,N/A,403,388,1085
cold-load,Vanilla,E3,22,N/A,424,407,1085
cold-load,Vanilla,E3,23,N/A,423,413,1085
cold-load,Vanilla,E3,24,N/A,418,403,1085
cold-load,Vanilla,E3,25,N/A,415,406,1085
cold-load,Vanilla,E3,26,N/A,430,420,1085
cold-load,Vanilla,E3,27,N/A,422,419,1085
cold-load,Vanilla,E3,28,N/A,429,421,1085
cold-load,Vanilla,E3,29,N/A,433,424,1085
cold-load,Vanilla,E3,30,N/A,415,412,1085
cold-load,React,E1,1,N/A,64,48,1627
cold-load,React,E1,2,N/A,59,45,1627
cold-load,React,E1,3,N/A,58,44,1626
cold-load,React,E1,4,N/A,60,46,1626
cold-load,React,E1,5,N/A,61,60,1627
cold-load,React,E1,6,N/A,58,44,1627
cold-load,React,E1,7,N/A,66,52,1626
cold-load,React,E1,8,N/A,60,47,1627
cold-load,React,E1,9,N/A,61,47,1627
cold-load,React,E1,10,N/A,56,43,1627
cold-load,React,E1,11,N/A,60,46,1627
cold-load,React,E1,12,N/A,70,55,1627
cold-load,React,E1,13,N/A,62,48,1627
cold-load,React,E1,14,N/A,59,44,1627
cold-load,React,E1,15,N/A,62,47,1627
cold-load,React,E1,16,N/A,59,46,1626
cold-load,React,E1,17,N/A,59,44,1627
cold-load,React,E1,18,N/A,61,45,1626
cold-load,React,E1,19,N/A,59,44,1627
cold-load,React,E1,20,N/A,60,46,1626
cold-load,React,E1,21,N/A,66,49,1627
cold-load,React,E1,22,N/A,60,47,1627
cold-load,React,E1,23,N/A,59,44,1627
cold-load,React,E1,24,N/A,61,47,1626
cold-load,React,E1,25,N/A,60,45,1627
cold-load,React,E1,26,N/A,60,45,1627
cold-load,React,E1,27,N/A,65,51,1627
cold-load,React,E1,28,N/A,68,53,1627
cold-load,React,E1,29,N/A,58,45,1626
cold-load,React,E1,30,N/A,58,44,1627
cold-load,React,E2,1,N/A,465,428,1627
cold-load,React,E2,2,N/A,553,458,1627
cold-load,React,E2,3,N/A,536,438,1627
cold-load,React,E2,4,N/A,542,447,1626
cold-load,React,E2,5,N/A,523,441,1626
cold-load,React,E2,6,N/A,498,468,1627
cold-load,React,E2,7,N/A,545,447,1627
cold-load,React,E2,8,N/A,530,435,1627
cold-load,React,E2,9,N/A,537,441,1627
cold-load,React,E2,10,N/A,483,454,1626
cold-load,React,E2,11,N/A,474,441,1627
cold-load,React,E2,12,N/A,538,443,1627
cold-load,React,E2,13,N/A,541,452,1627
cold-load,React,E2,14,N/A,531,442,1627
cold-load,React,E2,15,N/A,527,436,1627
cold-load,React,E2,16,N/A,521,434,1626
cold-load,React,E2,17,N/A,486,448,1627
cold-load,React,E2,18,N/A,489,454,1626
cold-load,React,E2,19,N/A,478,445,1626
cold-load,React,E2,20,N/A,473,441,1627
cold-load,React,E2,21,N/A,550,461,1627
cold-load,React,E2,22,N/A,541,444,2251
cold-load,React,E2,23,N/A,484,448,1627
cold-load,React,E2,24,N/A,511,476,1627
cold-load,React,E2,25,N/A,537,442,1627
cold-load,React,E2,26,N/A,480,447,1627
cold-load,React,E2,27,N/A,524,441,1627
cold-load,React,E2,28,N/A,521,434,1627
cold-load,React,E2,29,N/A,534,442,1627
cold-load,React,E2,30,N/A,463,428,1627
cold-load,React,E3,1,N/A,627,484,1627
cold-load,React,E3,2,N/A,560,506,1627
cold-load,React,E3,3,N/A,656,489,1626
cold-load,React,E3,4,N/A,540,489,1627
cold-load,React,E3,5,N/A,681,521,1627
cold-load,React,E3,6,N/A,650,503,1627
cold-load,React,E3,7,N/A,555,509,1627
cold-load,React,E3,8,N/A,654,502,1626
cold-load,React,E3,9,N/A,681,526,1627
cold-load,React,E3,10,N/A,556,508,1627
cold-load,React,E3,11,N/A,561,507,1627
cold-load,React,E3,12,N/A,687,518,1627
cold-load,React,E3,13,N/A,687,514,1627
cold-load,React,E3,14,N/A,664,520,1626
cold-load,React,E3,15,N/A,660,499,1626
cold-load,React,E3,16,N/A,665,518,1626
cold-load,React,E3,17,N/A,558,507,1627
cold-load,React,E3,18,N/A,662,500,1627
cold-load,React,E3,19,N/A,671,506,1627
cold-load,React,E3,20,N/A,650,504,1627
cold-load,React,E3,21,N/A,663,505,1627
cold-load,React,E3,22,N/A,653,499,1627
cold-load,React,E3,23,N/A,656,502,1626
cold-load,React,E3,24,N/A,576,521,1627
cold-load,React,E3,25,N/A,654,516,1627
cold-load,React,E3,26,N/A,658,506,1627
cold-load,React,E3,27,N/A,551,496,1626
cold-load,React,E3,28,N/A,678,529,1627
cold-load,React,E3,29,N/A,660,500,1627
cold-load,React,E3,30,N/A,634,481,1626
cold-load,Angular,E1,1,N/A,53,52,1987
cold-load,Angular,E1,2,N/A,54,52,1987
cold-load,Angular,E1,3,N/A,54,51,1987
cold-load,Angular,E1,4,N/A,62,57,1987
cold-load,Angular,E1,5,N/A,50,48,1987
cold-load,Angular,E1,6,N/A,56,52,1987
cold-load,Angular,E1,7,N/A,59,55,1987
cold-load,Angular,E1,8,N/A,58,55,1987
cold-load,Angular,E1,9,N/A,53,51,1987
cold-load,Angular,E1,10,N/A,55,53,1987
cold-load,Angular,E1,11,N/A,56,53,1987
cold-load,Angular,E1,12,N/A,55,52,1987
cold-load,Angular,E1,13,N/A,52,50,1987
cold-load,Angular,E1,14,N/A,61,58,1987
cold-load,Angular,E1,15,N/A,58,54,1987
cold-load,Angular,E1,16,N/A,52,49,1987
cold-load,Angular,E1,17,N/A,52,49,1987
cold-load,Angular,E1,18,N/A,53,51,1987
cold-load,Angular,E1,19,N/A,57,53,1987
cold-load,Angular,E1,20,N/A,52,49,1987
cold-load,Angular,E1,21,N/A,54,52,1987
cold-load,Angular,E1,22,N/A,53,49,1987
cold-load,Angular,E1,23,N/A,53,50,1987
cold-load,Angular,E1,24,N/A,56,54,1987
cold-load,Angular,E1,25,N/A,52,49,1987
cold-load,Angular,E1,26,N/A,55,52,1987
cold-load,Angular,E1,27,N/A,53,50,1987
cold-load,Angular,E1,28,N/A,53,50,1987
cold-load,Angular,E1,29,N/A,57,54,1987
cold-load,Angular,E1,30,N/A,54,51,1987
cold-load,Angular,E2,1,N/A,497,495,1987
cold-load,Angular,E2,2,N/A,504,501,1987
cold-load,Angular,E2,3,N/A,447,444,1987
cold-load,Angular,E2,4,N/A,443,441,1987
cold-load,Angular,E2,5,N/A,481,477,1987
cold-load,Angular,E2,6,N/A,477,470,1987
cold-load,Angular,E2,7,N/A,479,474,1987
cold-load,Angular,E2,8,N/A,460,457,1987
cold-load,Angular,E2,9,N/A,464,459,1987
cold-load,Angular,E2,10,N/A,471,468,1987
cold-load,Angular,E2,11,N/A,475,473,1987
cold-load,Angular,E2,12,N/A,464,462,1987
cold-load,Angular,E2,13,N/A,481,477,1987
cold-load,Angular,E2,14,N/A,473,470,1987
cold-load,Angular,E2,15,N/A,492,490,1987
cold-load,Angular,E2,16,N/A,465,461,1987
cold-load,Angular,E2,17,N/A,479,476,1987
cold-load,Angular,E2,18,N/A,458,455,1987
cold-load,Angular,E2,19,N/A,478,475,1987
cold-load,Angular,E2,20,N/A,471,464,1987
cold-load,Angular,E2,21,N/A,470,464,1987
cold-load,Angular,E2,22,N/A,488,486,1987
cold-load,Angular,E2,23,N/A,463,457,1987
cold-load,Angular,E2,24,N/A,448,445,1987
cold-load,Angular,E2,25,N/A,476,473,1987
cold-load,Angular,E2,26,N/A,479,476,1987
cold-load,Angular,E2,27,N/A,465,455,1987
cold-load,Angular,E2,28,N/A,483,480,1987
cold-load,Angular,E2,29,N/A,462,459,1987
cold-load,Angular,E2,30,N/A,494,490,1987
cold-load,Angular,E3,1,N/A,562,558,1987
cold-load,Angular,E3,2,N/A,561,557,1987
cold-load,Angular,E3,3,N/A,590,587,1987
cold-load,Angular,E3,4,N/A,566,551,1987
cold-load,Angular,E3,5,N/A,559,552,1987
cold-load,Angular,E3,6,N/A,599,595,1987
cold-load,Angular,E3,7,N/A,585,570,1987
cold-load,Angular,E3,8,N/A,592,587,1987
cold-load,Angular,E3,9,N/A,555,548,1987
cold-load,Angular,E3,10,N/A,585,581,1987
cold-load,Angular,E3,11,N/A,586,577,1987
cold-load,Angular,E3,12,N/A,585,580,1987
cold-load,Angular,E3,13,N/A,577,569,1987
cold-load,Angular,E3,14,N/A,588,584,1987
cold-load,Angular,E3,15,N/A,554,549,1987
cold-load,Angular,E3,16,N/A,547,540,1987
cold-load,Angular,E3,17,N/A,570,566,1987
cold-load,Angular,E3,18,N/A,581,573,1987
cold-load,Angular,E3,19,N/A,590,587,1987
cold-load,Angular,E3,20,N/A,565,549,1987
cold-load,Angular,E3,21,N/A,567,551,1987
cold-load,Angular,E3,22,N/A,567,556,1987
cold-load,Angular,E3,23,N/A,576,567,1987
cold-load,Angular,E3,24,N/A,576,569,1987
cold-load,Angular,E3,25,N/A,570,554,1987
cold-load,Angular,E3,26,N/A,617,613,1987
cold-load,Angular,E3,27,N/A,574,570,1987
cold-load,Angular,E3,28,N/A,575,572,1987
cold-load,Angular,E3,29,N/A,584,571,1987
cold-load,Angular,E3,30,N/A,583,575,1987
